Adair,"200 West Division Street    Stilwell, Oklahoma  74960",918-696-7198
Alfalfa,"300 South Grand    Cherokee, Oklahoma  73728",580-596-2392
Atoka,"201 East Court Street    Atoka, Oklahoma  74525",580-889-3565
Beaver,"111 West 2nd Street    Beaver, Oklahoma  73932",580-625-3451
Beckham,"104 S 3rd    Sayre, Oklahoma  73662",508-928-3383
Blaine,"200 North Weigel Street, #101    Watonga, Oklahoma  73772",580-623-5890
Bryan,"402 West Evergreen    Durant, Oklahoma 74701",580-924-2202
Caddo,"110 Southwest 2nd Street #207    Anadarko, Oklahoma  73005",405-247-6609
Canadian,"201 North Choctaw    El Reno, Oklahoma  73036",405-262-1070
Carter,"1st and B Streets, #101    Ardmore, Oklahoma  73402",580-223-8162
Cherokee,"213 West Delaware, Room 200    Tahlequah, Oklahoma  74464",918-456-4121
Choctaw,"300 East Duke    Hugo, Oklahoma  74743",580-326-3778
Cimarron,"Courthouse Square    Boise City, Oklahoma  73933",405-544-2221
Cleveland,"201 South Jones    Norman, Oklahoma  73069-6099",405-366-0240
Coal,"4 North Main    Coalgate, Oklahoma  74538",580-927-2103
Comanche,"315 South West 5th Street #504    Lawton, Oklahoma  73502",405-355-5214
Cotton,"301 North Broadway    Walters, Oklahoma  73572",580-875-3026
Craig,"301 West Canandin    Vinita, Oklahoma  74301",918-256-2445
Creek,"222 East Dewey    Sapulpa, Oklahoma  74067",918-224-4084
Custer,"Broadway and B Streets    Arapaho, Oklahoma  73620",580-323-1221
Delaware,"309 Krousc Street    Jay, Oklahoma  74346",918-253-4432
Dewey,"Broadway and Ruble    Taloga, Oklahoma  73667",580-328-5361
Ellis,"400 South Washington    Arnett, Oklahoma  73832",580-885-7301
Garfield,"100 West Broadway, Room 101    Enid, Oklahoma  73702",580-237-0226
Garvin,"201 West Grant Street    Pauls Valley, Oklahoma  73075",405-238-5596
Grady,"4th and Choctaw    Chickasha, Oklahoma  73023",405-224-5211
Grant,"112 East Guthrie    Medford, Oklahoma  73759",580-395-2274
Greer,"Courthouse Square    Mangum, Oklahoma  73554",405-782-2329
Harmon,"114 West Hollis    Hollis, Oklahoma  73550",405-688-3658
Harper,"311 South East 1st Street    Buffalo, Oklahoma 73834",580-735-2012
Haskell,"202 East Main    Stigler, Oklahoma  74462",918-967-2884
Hughes,"200 North Broadway Suite 5    Holdenville, Oklahoma  74848",405-379-5487
Jackson,"Corner of Broadway and Main   Room 303    Altus, Oklahoma  73522",580-482-4420
Jefferson,"220 North Main Street, Room 302    Wavrika, Oklahoma  73573",405-228-2241
Johnston,"414 West Main, Suite 201    Tishomingo, Oklahoma  73460",405-371-3058
Kay,"8th And Main    New Kirk, Oklahoma  74647",580-362-3116
Kingfisher,"101 S Main Suite 3    Kingfisher, Oklahoma  73750",405-375-3887
Kiowa,"316 South Main    Hobart, Oklahoma  73651",580-726-5125
Latimer,"109 North Central, Room 103    Wilburton, Oklahoma 74578",918-465-4002
LeFlore,918-647-5738,"POBox218Poteau,Oklahoma74953"
Lincoln,"811 Manvel    Chandler, Oklahoma 74834",405-258-1264
Logan,"312 East Harrison    Guthrie, Oklahoma  73044",405-282-2124
Love,"405 West Main    Marietta, Oklahoma  73448",405-276-3059
Major,"9th and Broadway    Major, Oklahoma  73737",580-227-4732
Marshall,"101 County Courthouse    Madill, Oklahoma  73446",405-795-3220
Mayes,"One Court Place Suite 120    Pryor, Oklahoma 74361",918-825-2426
McClain,"Corner 2nd and Washington, 2nd Floor    Purcell, Oklahoma  73080",405-527-3117
McCurtain,"108 North Central    Idabel, Oklahoma  74745",580-286-3693
McIntosh,"110 First Street    Eufaula, Oklahoma 74432",918-689-2741
Murray,"10th Wyandotte    Sulphur, Oklahoma  73086",580-622-3777
Muskogee,"Corner Of State and Court Streets    Muskogee, Oklahoma  74402",918-682-9601
Noble,"300 Courthouse Drive, #11    Perry, Oklahoma  73077",405-336-2141
Nowata,"229 North Maple    Nowata, Oklahoma 74048",918-273-2480
Okfuskee,"3rd and Atlanta Streets    Okemah, Oklahoma  74859",918-623-0939
Oklahoma,"320 Robert S Kerr, Room 105    Oklahoma City, Oklahoma  73102",405-713-1540
Okmulgee,"7th And Seminole, Room 203    Okmulgee, Oklahoma  74447",918-756-0788
Osage,"6th and Grandview    Pawhuska, Oklahoma  74056",918-287-2615
Ottawa,"102 East Central, Suite 203    Miami, Oklahoma  74354",918-542-9408
Pawnee,"500 Harrison, Room 202    Pawnee, Oklahoma  74058",918-762-2732
Payne,"606 South Husband    Stillwater, Oklahoma  74074",405-624-9300
Pittsburg,918-423-6865 ,918-423-7304
Pontotoc,"100 West 13th    Ada, Oklahoma  74820",405-332-1425
Pottawatomie,"325 North Broadway    Shawnee, Oklahoma  74801",405-273-8222
Pushmataha,"304 Southwest B Street    Antlers, Oklahoma  74523",580-298-2512
Roger Mills,580-497-3366,580-497-3488
Rogers,"219 South Missouri Room 1-109    Claremore, Oklahoma  74017",918-341-0585
Seminole,"120 South Wewoka    Wewoka, Oklahoma  74884",405-257-2501
Sequoyah,"120 East Chickasaw    Sallisaw, Oklahoma  74955",918-775-5539
Stephens,"101 South 11th Street, Room 203    Duncan, Oklahoma  73533",580-255-4193
Texas,"319 North Main    Guymon, Oklahoma  73942",580-338-3233
Tillman,"Corner Of 10th and Gladstone    Frederick, Oklahoma  73542",580-335-3023
Tulsa,"500 South Denver, Room 120    Tulsa, Oklahoma  74103",918-596-5000
Wagoner,"307 East Cherokee    Wagoner, Oklahoma  74467",918-485-2141
Washington,"420 South Johnstone    Bartlesville, Oklahoma  74003",918-336-0330
Washita,580-832-2284,"POBox380Cordell,Oklahoma73632"
Woods,"407 Government St, #30    Alva, Oklahoma  73717",580-327-0942
Woodward,"1600 Main Street Suite 8    Woodward, Oklahoma 73801",580-256-3625
